id;reference;title;created_date;status
1;opposite beret consi;feather meander;2026-08-02T12:07:13;ACCEPTED
2;when psst;knavishly fidget;2026-08-01T17:44:14;DECLINED
3;contrast;inside per ha;2026-08-02T02:02:19;DRAFT
4;deprave horde;stuff decode reluctantly;2026-08-02T02:06:36;DRAFT
5;exterior;ugh among;2026-08-01T18:29:14;DRAFT
6;unnaturally dependab;ick ha although;2026-08-01T13:40:03;DECLINED
7;embalm;emergent;2026-08-01T16:49:50;DRAFT
8;absentmindedly pro;monocle status about;2026-08-02T07:08:05;ACCEPTED
9;space tasty;marimba oof militate;2026-08-01T19:28:49;DECLINED
10;wholly admonish outs;fluctuate;2026-08-02T04:25:00;ACCEPTED
11;till woot;offend notwithstanding instead;2026-08-01T23:19:32;ACCEPTED
12;phew supposing;instance yuck goat;2026-08-01T16:40:05;SENT
13;furiously;phew incidentally;2026-08-02T08:20:08;DECLINED
14;outgoing;round understanding;2026-08-01T20:07:27;DRAFT
15;yowza colorfully;authentic;2026-08-01T13:37:50;SENT
16;so between blindly;superficial;2026-08-02T01:58:08;ACCEPTED
17;duh;uh-huh ouch blond;2026-08-01T15:15:50;DRAFT
18;wise abaft;notwithstanding;2026-08-01T23:56:00;DECLINED
19;quaver;ugh;2026-08-01T20:53:13;DECLINED
20;and;barring er;2026-08-01T17:10:25;SENT
21;for ice-cream paraly;to following access;2026-08-02T12:53:00;SENT
22;bobble incinerate;heroine;2026-08-01T15:17:45;ACCEPTED
23;cash;phooey urgently chime;2026-08-02T10:28:50;DRAFT
24;ultimately;yet whoever;2026-08-01T19:16:21;DRAFT
25;aha blah;marathon;2026-08-02T05:10:23;ACCEPTED
26;before merry;repentant;2026-08-01T21:33:14;ACCEPTED
27;phooey drat complica;scared traditionalism coast;2026-08-02T08:20:21;DRAFT
28;joyously inasmuch sc;questionably fairly;2026-08-02T00:42:33;ACCEPTED
29;arrogantly despite;yuppify sticker;2026-08-02T08:54:16;DECLINED
30;truthfully tenant;generously antagonize;2026-08-01T16:58:25;SENT
