id;name;initials;role;qualification;bio
1;unexpectedly hoarse what;by ga;cruelly sorrowful than;painfully modulo;../fake-data/blob/hipster.txt
2;darling weary;bowed;happily ferociously absentmindedly;loosely insistent;../fake-data/blob/hipster.txt
3;abaft when;suppo;indeed absolve yet;spiffy cleave inhibit;../fake-data/blob/hipster.txt
4;before ditch wavy;stern;flight;generally despite;../fake-data/blob/hipster.txt
5;as but pish;quain;reluctantly;even ouch mortally;../fake-data/blob/hipster.txt
6;so;extra;yum knowingly;following;../fake-data/blob/hipster.txt
7;pro yowza;waste;reflate;regarding shanghai eek;../fake-data/blob/hipster.txt
8;amidst moralise;svelt;scarily liquid colorfully;lyre evince aboard;../fake-data/blob/hipster.txt
9;opposite internationalize;habit;besides somber amazing;brr phew only;../fake-data/blob/hipster.txt
10;despite;psst;gleaming;tragic typify amongst;../fake-data/blob/hipster.txt
11;upon opposite;where;yippee accompany;too bind;../fake-data/blob/hipster.txt
12;expostulate draft ultimately;hmph ;however sticker triangular;via;../fake-data/blob/hipster.txt
13;but sport sushi;meh a;fatally ouch;solidly lyre oh;../fake-data/blob/hipster.txt
14;sway;suppo;nor;ack educated;../fake-data/blob/hipster.txt
15;mmm;delig;discourse pulse factorise;yawningly;../fake-data/blob/hipster.txt
16;battle;painf;train via;ack winding;../fake-data/blob/hipster.txt
17;source for;cleve;oh waver far-flung;reprimand;../fake-data/blob/hipster.txt
18;defenseless bathhouse between;nor s;well-lit overheard;jubilantly briskly;../fake-data/blob/hipster.txt
19;magnificent honestly inside;among;speedy before alligator;ugh;../fake-data/blob/hipster.txt
20;provided;yuck ;past scarily lid;trolley;../fake-data/blob/hipster.txt
21;yowza where;provi;ew cuddly;whereas;../fake-data/blob/hipster.txt
22;if strong;modul;hmph before fortunate;handy floodlight on;../fake-data/blob/hipster.txt
23;trusting;aboar;how;phooey passionate;../fake-data/blob/hipster.txt
24;fearless;guard;only;edge foolishly given;../fake-data/blob/hipster.txt
25;tomb;puzzl;pessimistic;consequently;../fake-data/blob/hipster.txt
26;amidst;awkwa;ocelot;drat present misguided;../fake-data/blob/hipster.txt
27;supposing;house;why director;save usefully;../fake-data/blob/hipster.txt
28;yahoo;uh-hu;irritably;twist;../fake-data/blob/hipster.txt
29;nearly shocked considering;hmph ;ew gently perfectly;sinful stylish;../fake-data/blob/hipster.txt
30;fooey valuable inasmuch;yowza;aha;arid although weakly;../fake-data/blob/hipster.txt
